{
    "version": "1.0",
    "@import": "./element.php",
    "name": "card-switcher",
    "title": "Card Switcher",
    "icon": "${url:images/icon.svg}",
    "iconSmall": "${url:images/iconSmall.svg}",
    "element": true,
    "container": true,
    "width": 500,
    "defaults": {
        "show_title": true,
        "show_meta": true,
        "show_content": true,
        "show_image": true,
        "show_link": true,
        "show_label": true,
        "show_thumbnail": true,
        "switcher_style": "tab",
        "switcher_thumbnail_svg_color": "emphasis",
        "switcher_position": "top",
        "switcher_align": "left",
        "switcher_grid_width": "auto",
        "switcher_grid_breakpoint": "m",
        "switcher_animation": "fade",
        "switcher_height": true,
        "title_element": "h3",
        "title_align": "top",
        "title_grid_width": "1-2",
        "title_grid_breakpoint": "m",
        "meta_style": "meta",
        "meta_align": "below-title",
        "meta_element": "div",
        "content_column_breakpoint": "m",
        "image_svg_color": "emphasis",
        "image_align": "top",
        "image_grid_width": "1-2",
        "image_grid_breakpoint": "m",
        "switcher_thumbnail_width": "100",
        "switcher_thumbnail_height": "75",
        "link_text": "Read more",
        "link_style": "default",
        "margin": "default"
    },
    "placeholder": {
        "children": [
            {"type": "card-switcher_item", "props": {}},
            {"type": "card-switcher_item", "props": {}},
            {"type": "card-switcher_item", "props": {}}
        ]
    },
    "templates": {
        "render": "./templates/template.php",
        "content": "./templates/content.php"
    },
    "fields": {
        "content": {
            "label": "Items",
            "type": "content-items",
            "item": "card-switcher_item",
            "media": {
                "type": "image",
                "item": {"title": "title", "image": "src"}
            }
        },
        "show_title": {
            "label": "Display",
            "type": "checkbox",
            "text": "Show the title"
        },
        "show_meta": {
            "type": "checkbox",
            "text": "Show the meta text"
        },
        "show_image": {
            "type": "checkbox",
            "text": "Show the image"
        },
        "show_content": {
            "type": "checkbox",
            "text": "Show the content"
        },
        "show_link": {
            "type": "checkbox",
            "text": "Show the link"
        },
        "show_label": {
            "type": "checkbox",
            "text": "Show the navigation label instead of title"
        },
        "show_thumbnail": {
            "description": "Show or hide content fields without the need to delete the content itself.",
            "type": "checkbox",
            "text": "Show the navigation thumbnail instead of the image"
        },
        "switcher_style": {
            "label": "Navigation",
            "description": "Select the navigation style. The pill and divider styles are only available for horizontal Subnavs.",
            "type": "select",
            "options": {
                "Tabs": "tab",
                "Subnav Pill (Nav)": "subnav-pill",
                "Subnav Divider (Nav)": "subnav-divider",
                "Subnav (Nav)": "subnav",
                "Thumbnav": "thumbnav"
            }
        },
        "switcher_thumbnail_nowrap": {
            "label": "Thumbnail Wrap",
            "description": "Define whether thumbnails wrap into multiple lines or not if the container is too small.",
            "type": "checkbox",
            "text": "Don't wrap into multiple lines",
            "enable": "switcher_style == 'thumbnav' && show_thumbnail"
        },
        "switcher_thumbnail_width": {
            "attrs": {
                "placeholder": "auto"
            },
            "enable": "switcher_style == 'thumbnav' && show_thumbnail"
        },
        "switcher_thumbnail_height": {
            "attrs": {
                "placeholder": "auto"
            },
            "enable": "switcher_style == 'thumbnav' && show_thumbnail"
        },
        "switcher_thumbnail_svg_inline": {
            "label": "Thumbnail Inline SVG",
            "description": "Inject SVG images into the page markup, so that they can easily be styled with CSS.",
            "type": "checkbox",
            "text": "Make SVG stylable with CSS",
            "enable": "switcher_style == 'thumbnav' && show_thumbnail"
        },
        "switcher_thumbnail_svg_color": {
            "label": "Thumbnail SVG Color",
            "description": "Select the SVG color. It will only apply to supported elements defined in the SVG.",
            "type": "select",
            "options": {
                "None": "",
                "Muted": "muted",
                "Emphasis": "emphasis",
                "Primary": "primary",
                "Secondary": "secondary",
                "Success": "success",
                "Warning": "warning",
                "Danger": "danger"
            },
            "enable": "switcher_style == 'thumbnav' && show_thumbnail && switcher_thumbnail_svg_inline"
        },
        "switcher_position": {
            "label": "Position",
            "description": "Position the navigation at the top, bottom, left or right. A larger style can be applied to left and right navigations.",
            "type": "select",
            "options": {
                "Top": "top",
                "Bottom": "bottom",
                "Left": "left",
                "Right": "right"
            }
        },
        "switcher_style_primary": {
            "type": "checkbox",
            "text": "Primary navigation",
            "enable": "(switcher_position == 'left' || switcher_position == 'right') && $match(switcher_style, '(^subnav)')"
        },
        "switcher_align": {
            "label": "Alignment",
            "description": "Align the navigation's items.",
            "type": "select",
            "options": {
                "Left": "left",
                "Right": "right",
                "Center": "center",
                "Justify": "justify"
            },
            "enable": "switcher_position == 'top' || switcher_position == 'bottom'"
        },
        "switcher_margin": {
            "label": "Margin",
            "description": "Set the vertical margin.",
            "type": "select",
            "options": {
                "Small": "small",
                "Default": "",
                "Medium": "medium",
                "Large": "large",
                "X-Large": "xlarge"
            },
            "enable": "switcher_position == 'top' || switcher_position == 'bottom'"
        },
        "switcher_grid_width": {
            "label": "Grid Width",
            "description": "Define the width of the navigation. Choose between percent and fixed widths or expand columns to the width of their content.",
            "type": "select",
            "options": {
                "Auto": "auto",
                "50%": "1-2",
                "33%": "1-3",
                "25%": "1-4",
                "20%": "1-5",
                "Small": "small",
                "Medium": "medium",
                "Large": "large"
            },
            "enable": "switcher_position == 'left' || switcher_position == 'right'"
        },
        "switcher_grid_column_gap": {
            "label": "Grid Column Gap",
            "description": "Set the size of the gap between the navigation and the content.",
            "type": "select",
            "options": {
                "Small": "small",
                "Medium": "medium",
                "Default": "",
                "Large": "large",
                "None": "collapse"
            },
            "enable": "switcher_position == 'left' || switcher_position == 'right'"
        },
        "switcher_grid_row_gap": {
            "label": "Grid Row Gap",
            "description": "Set the size of the gap if the grid items stack.",
            "type": "select",
            "options": {
                "Small": "small",
                "Medium": "medium",
                "Default": "",
                "Large": "large",
                "None": "collapse"
            },
            "enable": "switcher_position == 'left' || switcher_position == 'right'"
        },
        "switcher_grid_breakpoint": {
            "label": "Grid Breakpoint",
            "description": "Set the breakpoint from which grid items will stack.",
            "type": "select",
            "options": {
                "Small (Phone Landscape)": "s",
                "Medium (Tablet Landscape)": "m",
                "Large (Desktop)": "l",
                "X-Large (Large Screens)": "xl"
            },
            "enable": "switcher_position == 'left' || switcher_position == 'right'"
        },
        "switcher_vertical_align": {
            "label": "Vertical Alignment",
            "description": "Vertically center the navigation and content.",
            "type": "checkbox",
            "text": "Center",
            "enable": "switcher_position == 'left' || switcher_position == 'right'"
        },
        "switcher_animation": {
            "label": "Animation",
            "description": "Select an animation that will be applied to the content items when toggling between them.",
            "type": "select",
            "options": {
                "None": "",
                "Fade": "fade",
                "Scale Up": "scale-up",
                "Scale Down": "scale-down",
                "Slide Top Small": "slide-top-small",
                "Slide Bottom Small": "slide-bottom-small",
                "Slide Left Small": "slide-left-small",
                "Slide Right Small": "slide-right-small",
                "Slide Top Medium": "slide-top-medium",
                "Slide Bottom Medium": "slide-bottom-medium",
                "Slide Left Medium": "slide-left-medium",
                "Slide Right Medium": "slide-right-medium",
                "Slide Top 100%": "slide-top",
                "Slide Bottom 100%": "slide-bottom",
                "Slide Left 100%": "slide-left",
                "Slide Right 100%": "slide-right"
            }
        },
        "switcher_height": {
            "label": "Match Height",
            "description": "Extend all content items to the same height.",
            "type": "checkbox",
            "text": "Match content height"
        },
        "title_style": {
            "label": "Style",
            "description": "Title styles differ in font-size but may also come with a predefined color, size and font.",
            "type": "select",
            "options": {
                "None": "",
                "2Xlarge": "heading-2xlarge",
                "XLarge": "heading-xlarge",
                "Large": "heading-large",
                "Medium": "heading-medium",
                "Small": "heading-small",
                "H1": "h1",
                "H2": "h2",
                "H3": "h3",
                "H4": "h4",
                "H5": "h5",
                "H6": "h6"
            },
            "enable": "show_title"
        },
        "title_decoration": {
            "label": "Decoration",
            "description": "Decorate the title with a divider, bullet or a line that is vertically centered to the heading.",
            "type": "select",
            "options": {
                "None": "",
                "Divider": "divider",
                "Bullet": "bullet",
                "Line": "line"
            },
            "enable": "show_title"
        },
        "title_font_family": {
            "label": "Font Family",
            "description": "Select an alternative font family.",
            "type": "select",
            "options": {
                "None": "",
                "Default": "default",
                "Primary": "primary",
                "Secondary": "secondary",
                "Tertiary": "tertiary"
            },
            "enable": "show_title"
        },
        "title_align_with_image": {
             "label": " Align With Image ",
             "description": "Attatch Tilte with Image",
             "type": "checkbox",
             "text": "Attatch Tilte with Image"
        },
        "title_color": {
            "label": "Color",
            "description": "Select the text color. If the Background option is selected, styles that don't apply a background image use the primary color instead.",
            "type": "select",
            "options": {
                "None": "",
                "Muted": "muted",
                "Emphasis": "emphasis",
                "Primary": "primary",
                "Secondary": "secondary",
                "Success": "success",
                "Warning": "warning",
                "Danger": "danger",
                "Background": "background"
            },
            "enable": "show_title"
        },
        "title_element": {
            "label": "HTML Element",
            "description": "Choose one of the HTML elements to fit your semantic structure.",
            "type": "select",
            "options": {
                "h1": "h1",
                "h2": "h2",
                "h3": "h3",
                "h4": "h4",
                "h5": "h5",
                "h6": "h6",
                "div": "div"
            },
            "enable": "show_title"
        },
        "title_align": {
            "label": "Alignment",
            "description": "Align the title to the top or left in regards to the content.",
            "type": "select",
            "options": {
                "Top": "top",
                "Left": "left"
            },
            "enable": "show_title"
        },
        "title_grid_width": {
            "label": "Grid Width",
            "description": "Define the width of the title within the grid. Choose between percent and fixed widths or expand columns to the width of their content.",
            "type": "select",
            "options": {
                "Auto": "auto",
                "80%": "4-5",
                "75%": "3-4",
                "66%": "2-3",
                "60%": "3-5",
                "50%": "1-2",
                "40%": "2-5",
                "33%": "1-3",
                "25%": "1-4",
                "20%": "1-5",
                "Small": "small",
                "Medium": "medium",
                "Large": "large",
                "X-Large": "xlarge",
                "2X-Large": "2xlarge"
            },
            "enable": "show_title && title_align == 'left'"
        },
        "title_grid_column_gap": {
            "label": "Grid Column Gap",
            "description": "Set the size of the gap between the title and the content.",
            "type": "select",
            "options": {
                "Small": "small",
                "Medium": "medium",
                "Default": "",
                "Large": "large",
                "None": "collapse"
            },
            "enable": "show_title && title_align == 'left'"
        },
        "title_grid_row_gap": {
            "label": "Grid Row Gap",
            "description": "Set the size of the gap if the grid items stack.",
            "type": "select",
            "options": {
                "Small": "small",
                "Medium": "medium",
                "Default": "",
                "Large": "large",
                "None": "collapse"
            },
            "enable": "show_title && title_align == 'left'"
        },
        "title_grid_breakpoint": {
            "label": "Grid Breakpoint",
            "description": "Set the breakpoint from which grid items will stack.",
            "type": "select",
            "options": {
                "Always": "",
                "Small (Phone Landscape)": "s",
                "Medium (Tablet Landscape)": "m",
                "Large (Desktop)": "l",
                "X-Large (Large Screens)": "xl"
            },
            "enable": "show_title && title_align == 'left'"
        },
        "title_margin": {
            "label": "Margin Top",
            "description": "Set the top margin. Note that the margin will only apply if the content field immediately follows another content field.",
            "type": "select",
            "options": {
                "Small": "small",
                "Default": "",
                "Medium": "medium",
                "Large": "large",
                "X-Large": "xlarge",
                "None": "remove"
            },
            "enable": "show_title"
        },
        "meta_style": {
            "label": "Style",
            "description": "Select a predefined meta text style, including color, size and font-family.",
            "type": "select",
            "options": {
                "None": "",
                "Meta": "meta",
                "2Xlarge": "heading-2xlarge",
                "XLarge": "heading-xlarge",
                "Large": "heading-large",
                "Medium": "heading-medium",
                "Small": "heading-small",
                "H1": "h1",
                "H2": "h2",
                "H3": "h3",
                "H4": "h4",
                "H5": "h5",
                "H6": "h6"
            },
            "enable": "show_meta"
        },
        "meta_color": {
            "label": "Color",
            "description": "Select the text color.",
            "type": "select",
            "options": {
                "None": "",
                "Muted": "muted",
                "Emphasis": "emphasis",
                "Primary": "primary",
                "Secondary": "secondary",
                "Success": "success",
                "Warning": "warning",
                "Danger": "danger"
            },
            "enable": "show_meta"
        },
        "meta_align": {
            "label": "Alignment",
            "description": "Align the meta text.",
            "type": "select",
            "options": {
                "Above Title": "above-title",
                "Below Title": "below-title",
                "Above Content": "above-content",
                "Below Content": "below-content"
            },
            "enable": "show_meta"
        },
        "meta_element": {
            "label": "HTML Element",
            "description": "Choose one of the HTML elements to fit your semantic structure.",
            "type": "select",
            "options": {
                "h1": "h1",
                "h2": "h2",
                "h3": "h3",
                "h4": "h4",
                "h5": "h5",
                "h6": "h6",
                "div": "div"
            },
            "enable": "show_meta"
        },
        "meta_margin": {
            "label": "Margin Top",
            "description": "Set the top margin. Note that the margin will only apply if the content field immediately follows another content field.",
            "type": "select",
            "options": {
                "Small": "small",
                "Default": "",
                "Medium": "medium",
                "Large": "large",
                "X-Large": "xlarge",
                "None": "remove"
            },
            "enable": "show_meta"
        },
        "content_style": {
            "label": "Style",
            "description": "Select a predefined text style, including color, size and font-family.",
            "type": "select",
            "options": {
                "None": "",
                "Lead": "lead",
                "Meta": "meta"
            },
            "enable": "show_content"
        },
        "content_dropcap": {
            "label": "Drop Cap",
            "description": "Display the first letter of the paragraph as a large initial.",
            "type": "checkbox",
            "text": "Enable drop cap",
            "enable": "show_content"
        },
        "content_column": {
            "label": "Columns",
            "description": "Set the number of text columns.",
            "type": "select",
            "options": {
                "None": "",
                "Halves": "1-2",
                "Thirds": "1-3",
                "Quarters": "1-4",
                "Fifths": "1-5",
                "Sixths": "1-6"
            },
            "enable": "show_content"
        },
        "content_column_divider": {
            "description": "Show a divider between text columns.",
            "type": "checkbox",
            "text": "Show dividers",
            "enable": "show_content && content_column"
        },
        "content_column_breakpoint": {
            "label": "Columns Breakpoint",
            "description": "Set the device width from which the text columns should apply.",
            "type": "select",
            "options": {
                "Always": "",
                "Small (Phone Landscape)": "s",
                "Medium (Tablet Landscape)": "m",
                "Large (Desktop)": "l",
                "X-Large (Large Screens)": "xl"
            },
            "enable": "show_content && content_column"
        },
        "content_margin": {
            "label": "Margin Top",
            "description": "Set the top margin. Note that the margin will only apply if the content field immediately follows another content field.",
            "type": "select",
            "options": {
                "Small": "small",
                "Default": "",
                "Medium": "medium",
                "Large": "large",
                "X-Large": "xlarge",
                "None": "remove"
            },
            "enable": "show_content"
        },
        "image_width": {
            "attrs": {
                "placeholder": "auto"
            },
            "enable": "show_image"
        },
        "image_height": {
            "attrs": {
                "placeholder": "auto"
            },
            "enable": "show_image"
        },
        "image_border": {
            "label": "Border",
            "description": "Select the image's border style.",
            "type": "select",
            "options": {
                "None": "",
                "Rounded": "rounded",
                "Circle": "circle",
                "Pill": "pill"
            },
            "enable": "show_image"
        },
        "image_box_shadow": {
            "label": "Image Box Shadow",
            "description": "Select the image's box shadow size.",
            "type": "select",
            "options": {
                "None": "",
                "Small": "small",
                "Medium": "medium",
                "Large": "large",
                "X-Large": "xlarge"
            },
            "enable": "show_image"
        },
        "image_box_decoration": {
            "label": "Box Decoration",
            "description": "Select the image's box decoration style. Note: The Mask option is not supported by all styles and may have no visible effect.",
            "type": "select",
            "options": {
                "None": "",
                "Default": "default",
                "Primary": "primary",
                "Secondary": "secondary",
                "Floating Shadow": "shadow",
                "Mask": "mask"
            },
            "enable": "show_image"
        },
        "image_box_decoration_inverse": {
            "type": "checkbox",
            "text": "Inverse style",
            "enable": "show_image && $match(image_box_decoration, '^(default|primary|secondary)$')"
        },
        "image_svg_inline": {
            "label": "Inline SVG",
            "description": "Inject SVG images into the page markup, so that they can easily be styled with CSS.",
            "type": "checkbox",
            "text": "Make SVG stylable with CSS",
            "enable": "show_image"
        },
        "image_svg_animate": {
            "type": "checkbox",
            "text": "Animate strokes",
            "enable": "show_image && image_svg_inline"
        },
        "image_svg_color": {
            "label": "SVG Color",
            "description": "Select the SVG color. It will only apply to supported elements defined in the SVG.",
            "type": "select",
            "options": {
                "None": "",
                "Muted": "muted",
                "Emphasis": "emphasis",
                "Primary": "primary",
                "Secondary": "secondary",
                "Success": "success",
                "Warning": "warning",
                "Danger": "danger"
            },
            "enable": "show_image && image_svg_inline"
        },
        "image_align": {
            "label": "Alignment",
            "description": "Align the image to the top, left, right or place it between the title and the content.",
            "type": "select",
            "options": {
                "Top": "top",
                "Bottom": "bottom",
                "Left": "left",
                "Right": "right"
            },
            "enable": "show_image"
        },
        "image_grid_width": {
            "label": "Grid Width",
            "description": "Define the width of the image within the grid. Choose between percent and fixed widths or expand columns to the width of their content.",
            "type": "select",
            "options": {
                "Auto": "auto",
                "80%": "4-5",
                "75%": "3-4",
                "66%": "2-3",
                "60%": "3-5",
                "50%": "1-2",
                "40%": "2-5",
                "33%": "1-3",
                "25%": "1-4",
                "20%": "1-5",
                "Small": "small",
                "Medium": "medium",
                "Large": "large",
                "X-Large": "xlarge",
                "2X-Large": "2xlarge"
            },
            "enable": "show_image && (image_align == 'left' || image_align == 'right')"
        },
        "image_grid_column_gap": {
            "label": "Grid Column Gap",
            "description": "Set the size of the gap between the image and the content.",
            "type": "select",
            "options": {
                "Small": "small",
                "Medium": "medium",
                "Default": "",
                "Large": "large",
                "None": "collapse"
            },
            "enable": "show_image && (image_align == 'left' || image_align == 'right')"
        },
        "image_grid_row_gap": {
            "label": "Grid Row Gap",
            "description": "Set the size of the gap if the grid items stack.",
            "type": "select",
            "options": {
                "Small": "small",
                "Medium": "medium",
                "Default": "",
                "Large": "large",
                "None": "collapse"
            },
            "enable": "show_image && (image_align == 'left' || image_align == 'right')"
        },
        "image_grid_breakpoint": {
            "label": "Grid Breakpoint",
            "description": "Set the breakpoint from which grid items will stack.",
            "type": "select",
            "options": {
                "Small (Phone Landscape)": "s",
                "Medium (Tablet Landscape)": "m",
                "Large (Desktop)": "l",
                "X-Large (Large Screens)": "xl"
            },
            "enable": "show_image && (image_align == 'left' || image_align == 'right')"
        },
        "image_vertical_align": {
            "label": "Vertical Alignment",
            "description": "Vertically center grid items.",
            "type": "checkbox",
            "text": "Center",
            "enable": "show_image && (image_align == 'left' || image_align == 'right')"
        },
        "image_margin": {
            "label": "Margin Top",
            "description": "Set the top margin. Note that the margin will only apply if the content field immediately follows another content field.",
            "type": "select",
            "options": {
                "Small": "small",
                "Default": "",
                "Medium": "medium",
                "Large": "large",
                "X-Large": "xlarge",
                "None": "remove"
            },
            "enable": "show_image && image_align == 'bottom'"
        },
        "link_text": {
            "label": "Text",
            "description": "Enter the text for the link.",
            "enable": "show_link"
        },
        "link_target": {
            "type": "checkbox",
            "text": "Open in a new window",
            "enable": "show_link"
        },
        "link_style": {
            "label": "Style",
            "description": "Set the link style.",
            "type": "select",
            "options": {
                "Button Default": "default",
                "Button Primary": "primary",
                "Button Secondary": "secondary",
                "Button Danger": "danger",
                "Button Text": "text",
                "Link": "",
                "Link Muted": "link-muted",
                "Link Text": "link-text"
            },
            "enable": "show_link"
        },
        "link_size": {
            "label": "Button Size",
            "description": "Set the button size.",
            "type": "select",
            "options": {
                "Small": "small",
                "Default": "",
                "Large": "large"
            },
            "enable": "show_link && link_style && link_style != 'link-muted' && link_style != 'link-text'"
        },
        "link_margin": {
            "label": "Margin Top",
            "description": "Set the top margin. Note that the margin will only apply if the content field immediately follows another content field.",
            "type": "select",
            "options": {
                "Small": "small",
                "Default": "",
                "Medium": "medium",
                "Large": "large",
                "X-Large": "xlarge",
                "None": "remove"
            },
            "enable": "show_link"
        },
        "position": "${builder.position}",
        "position_left": "${builder.position_left}",
        "position_right": "${builder.position_right}",
        "position_top": "${builder.position_top}",
        "position_bottom": "${builder.position_bottom}",
        "position_z_index": "${builder.position_z_index}",
        "margin": "${builder.margin}",
        "margin_remove_top": "${builder.margin_remove_top}",
        "margin_remove_bottom": "${builder.margin_remove_bottom}",
        "maxwidth": "${builder.maxwidth}",
        "maxwidth_breakpoint": "${builder.maxwidth_breakpoint}",
        "block_align": "${builder.block_align}",
        "block_align_breakpoint": "${builder.block_align_breakpoint}",
        "block_align_fallback": "${builder.block_align_fallback}",
        "text_align": "${builder.text_align_justify}",
        "text_align_breakpoint": "${builder.text_align_breakpoint}",
        "text_align_fallback": "${builder.text_align_justify_fallback}",
        "animation": "${builder.animation}",
        "_parallax_button": "${builder._parallax_button}",
        "visibility": "${builder.visibility}",
        "name": "${builder.name}",
        "status": "${builder.status}",
        "id": "${builder.id}",
        "class": "${builder.cls}",
        "attributes": "${builder.attrs}",
        "css": {
            "label": "CSS",
            "description": "Enter your own custom CSS. The following selectors will be prefixed automatically for this element: <code>.el-element</code>, <code>.el-item</code>, <code>.el-nav</code>, <code>.el-title</code>, <code>.el-meta</code>, <code>.el-content</code>, <code>.el-image</code>, <code>.el-link</code>",
            "type": "editor",
            "editor": "code",
            "mode": "css",
            "attrs": {
                "debounce": 500
            }
        }
    },
    "fieldset": {
        "default": {
            "type": "tabs",
            "fields": [
                {
                    "title": "Content",
                    "fields": [
                        "content",
                        "show_title",
                        "show_meta",
                        "show_image",
                        "show_content",
                        "show_link",
                        "show_label",
                        "show_thumbnail"
                    ]
                },
                {
                    "title": "Settings",
                    "fields": [
                        {
                            "label": "Switcher",
                            "type": "group",
                            "divider": true,
                            "fields": [
                                "switcher_style",
                                "switcher_thumbnail_nowrap",
                                {
                                    "label": "Thumbnail Width/Height",
                                    "description": "Setting just one value preserves the original proportions. The image will be resized and cropped automatically, and where possible, high resolution images will be auto-generated.",
                                    "type": "grid",
                                    "width": "1-2",
                                    "fields": [
                                        "switcher_thumbnail_width",
                                        "switcher_thumbnail_height"
                                    ]
                                },
                                "switcher_thumbnail_svg_inline",
                                "switcher_thumbnail_svg_color",
                                "switcher_position",
                                "switcher_style_primary",
                                "switcher_align",
                                "switcher_margin",
                                "switcher_grid_width",
                                "switcher_grid_column_gap",
                                "switcher_grid_row_gap",
                                "switcher_grid_breakpoint",
                                "switcher_vertical_align",
                                "switcher_animation",
                                "switcher_height"
                            ]
                        },
                        {
                            "label": "Title",
                            "type": "group",
                            "divider": true,
                            "fields": [
                                "title_style",
                                "title_decoration",
                                "title_align_with_image",
                                "title_font_family",
                                "title_color",
                                "title_element",
                                "title_align",
                                "title_grid_width",
                                "title_grid_column_gap",
                                "title_grid_row_gap",
                                "title_grid_breakpoint",
                                "title_margin"
                            ]
                        },
                        {
                            "label": "Meta",
                            "type": "group",
                            "divider": true,
                            "fields": [
                                "meta_style",
                                "meta_color",
                                "meta_align",
                                "meta_element",
                                "meta_margin"
                            ]
                        },
                        {
                            "label": "Content",
                            "type": "group",
                            "divider": true,
                            "fields": [
                                "content_style",
                                "content_dropcap",
                                "content_column",
                                "content_column_divider",
                                "content_column_breakpoint",
                                "content_margin"
                            ]
                        },
                        {
                            "label": "Image",
                            "type": "group",
                            "divider": true,
                            "fields": [
                                {
                                    "label": "Width/Height",
                                    "description": "Setting just one value preserves the original proportions. The image will be resized and cropped automatically, and where possible, high resolution images will be auto-generated.",
                                    "type": "grid",
                                    "width": "1-2",
                                    "fields": [
                                        "image_width",
                                        "image_height"
                                    ]
                                },
                                "image_border",
                                "image_box_shadow",
                                "image_box_decoration",
                                "image_box_decoration_inverse",
                                "image_svg_inline",
                                "image_svg_animate",
                                "image_svg_color",
                                "image_align",
                                "image_grid_width",
                                "image_grid_column_gap",
                                "image_grid_row_gap",
                                "image_grid_breakpoint",
                                "image_vertical_align",
                                "image_margin"
                            ]
                        },
                        {
                            "label": "Link",
                            "type": "group",
                            "divider": true,
                            "fields": [
                                "link_text",
                                "link_target",
                                "link_style",
                                "link_size",
                                "link_margin"
                            ]
                        },
                        {
                            "label": "General",
                            "type": "group",
                            "fields": [
                                "position",
                                "position_left",
                                "position_right",
                                "position_top",
                                "position_bottom",
                                "position_z_index",
                                "margin",
                                "margin_remove_top",
                                "margin_remove_bottom",
                                "maxwidth",
                                "maxwidth_breakpoint",
                                "block_align",
                                "block_align_breakpoint",
                                "block_align_fallback",
                                "text_align",
                                "text_align_breakpoint",
                                "text_align_fallback",
                                "animation",
                                "_parallax_button",
                                "visibility"
                            ]
                        }
                    ]
                },
                "${builder.advanced}"
            ]
        }
    }
}
