{
    "@import": "./element.php",
    "name": "card-switcher_item",
    "title": "Item",
    "width": 500,
    "placeholder": {
        "props": {
            "title": "Title",
            "meta": "",
            "content": "Lorem ipsum dolor sit amet, consectetur adipiscing elit, sed do eiusmod tempor incididunt ut labore et dolore magna aliqua. Ut enim ad minim veniam, quis nostrud exercitation ullamco laboris nisi ut aliquip ex ea commodo consequat.",
            "image": "",
            "label": "",
            "thumbnail": ""
        }
    },
    "templates": {
        "render": "./templates/template.php",
        "content": "./templates/content.php"
    },
    "fields": {
        "title": {
            "label": "Title",
            "source": true
        },
        "meta": {
            "label": "Meta",
            "source": true
        },
        "content": {
            "label": "Content",
            "type": "editor",
            "source": true
        },
        "image": "${builder.image}",
        "image_alt": {
            "label": "Image Alt",
            "enable": "image",
            "source": true
        },
        "link": "${builder.link}",
        "link_text": {
            "label": "Link Text",
            "description": "Set a different link text for this item.",
            "enable": "link",
            "source": true
        },
        "label": {
            "label": "Navigation Label",
            "source": true
        },
        "thumbnail": {
            "label": "Navigation Thumbnail",
            "description": "This is only used, if the thumbnail navigation is set.",
            "type": "image",
            "source": true
        },
        "status": "${builder.statusItem}",
        "source": "${builder.source}"
    },
    "fieldset": {
        "default": {
            "type": "tabs",
            "fields": [
                {
                    "title": "Content",
                    "fields": [
                        "title",
                        "meta",
                        "content",
                        "image",
                        "image_alt",
                        "link",
                        "link_text",
                        "label",
                        "thumbnail"
                    ]
                },
                "${builder.advancedItem}"
            ]
        }
    }
}
